{"cameraMode":{"drawMode":0,"name":"Shaded","section":"Shading Mode"},"sceneLighting":false,"audioPlay":false,"sceneViewState":{"m_AlwaysRefresh":false,"showFog":true,"showSkybox":false,"showFlares":true,"showImageEffects":true,"showParticleSystems":true,"showVisualEffectGraphs":true,"m_FxEnabled":true},"in2DMode":false,"pivot":{"x":31.076868057250978,"y":0.9604096412658691,"z":14.591922760009766},"rotation":{"x":0.089152492582798,"y":0.15030209720134736,"z":-0.013612953014671803,"w":0.9845187067985535},"size":12.12435531616211,"orthographic":false}