{"cameraMode":{"drawMode":0,"name":"Shaded","section":"Shading Mode"},"sceneLighting":false,"audioPlay":false,"sceneViewState":{"m_AlwaysRefresh":false,"showFog":true,"showSkybox":false,"showFlares":true,"showImageEffects":true,"showParticleSystems":true,"showVisualEffectGraphs":true,"m_FxEnabled":true},"in2DMode":false,"pivot":{"x":-3.1151366233825685,"y":0.09326355159282685,"z":-3.3770155906677248},"rotation":{"x":0.04080406576395035,"y":0.9471853971481323,"z":-0.13480892777442933,"w":0.2883496582508087},"size":0.44253361225128176,"orthographic":false}