{"cameraMode":{"drawMode":0,"name":"Shaded","section":"Shading Mode"},"sceneLighting":true,"audioPlay":false,"sceneViewState":{"m_AlwaysRefresh":false,"showFog":true,"showSkybox":true,"showFlares":true,"showImageEffects":true,"showParticleSystems":true,"showVisualEffectGraphs":true,"m_FxEnabled":true},"in2DMode":false,"pivot":{"x":1229.0697021484375,"y":841.5855712890625,"z":311.40185546875},"rotation":{"x":0.0032559239771217109,"y":0.9639866352081299,"z":-0.011869251728057862,"w":0.2658728063106537},"size":1264.503662109375,"orthographic":false}